﻿<?xml version="1.0" encoding="utf-8"?>
<UIDEF>
  <font face="宋体" size="15"/>
  <caret color="rgb(255,0,0)" animate="true" fadeTime="20" showTime="10" interpolator="Accelerate"/>
  <unit defUnit="dp"/>

  <string src="values:string" />
  <skin src="values:skin"/>
  <color src="values:color"/>


  <style>
    <class name="normalbtn" font="" colorText="#385e8b" colorTextDisable="#91a7c0" textMode="0x25" cursor="hand" margin-x="0"/>
    <class name="cls_btn_weblink" cursor="hand" colorText="#1e78d5" colorTextHover="#1e78d5" font="italic:1" fontHover="underline:1,italic:1" />
    <link.web cursor="hand" colorText="#1e78d5" colorTextHover="#1e78d5" fontHover="underline:1,italic:1"/>
  </style>

  <objattr>
  	<link class="link.web"/>
  </objattr>
</UIDEF>