<?xml version="1.0" encoding="utf-8"?>
<SOUI name="mainWindow" title="@string/settings" bigIcon="ICON_LOGO:32" smallIcon="ICON_LOGO:16" margin="5,5,5,5"  resizable="1" wndType="normal"
translucent="1"
trCtx="dlg_settings"
>
  <script src="js\aboutdlg.js"/>
  <root skin="_skin.sys.wnd.bkgnd" cache="1"  width="400" height="300" on_init="onInit" on_exit="onExit">
    <caption pos="0,0,-0,30" show="1" font="adding:0" gravity="center" layout="hbox" interval="5">
	<img id="sysid_icon" skin="skin_logo"/>
      <text size="0,-1" weight="1">@string/settings</text>
      <imgbtn id="IDCANCEL" skin="_skin.sys.btn.close"   tip="close" animate="1"/>
    </caption>
    <window pos="5,[2,-5,-5" layout="vbox" interval="5">
		<group size="-2,-1" text="Choose Language" layout="hbox" interval="10" padding="10,0,10,10" align="left">
			<radio id="100" text="English" checked="1"/>
			<radio id="101" text="Chinese"/>
		</group>
		<text text="Folder for recording:"/>
		<window size="-2,-1" layout="hbox" interval="5" gravity="center">
			<edit name="edit_video_path" size="0,-2" weight="1" readonly="1" margin="2,2,"/>
			<button name="btn_pick_video_path" size="80,30" text="..."/>
		</window>
    </window>
  </root>
</SOUI>